[
{
  "model": "member.neighborhood",
  "pk": 1,
  "fields": {
    "name": "Ahuntsic"
  }
},
{
  "model": "member.neighborhood",
  "pk": 2,
  "fields": {
    "name": "Anjou"
  }
},
{
  "model": "member.neighborhood",
  "pk": 3,
  "fields": {
    "name": "Cartierville"
  }
},
{
  "model": "member.neighborhood",
  "pk": 4,
  "fields": {
    "name": "Côte-des-Neiges"
  }
},
{
  "model": "member.neighborhood",
  "pk": 5,
  "fields": {
    "name": "Ghetto-McGill"
  }
},
{
  "model": "member.neighborhood",
  "pk": 6,
  "fields": {
    "name": "Île-Bizard-Sainte-Geneviève"
  }
},
{
  "model": "member.neighborhood",
  "pk": 7,
  "fields": {
    "name": "Ile-des-Soeurs"
  }
},
{
  "model": "member.neighborhood",
  "pk": 8,
  "fields": {
    "name": "Lachine"
  }
},
{
  "model": "member.neighborhood",
  "pk": 9,
  "fields": {
    "name": "LaSalle"
  }
},
{
  "model": "member.neighborhood",
  "pk": 10,
  "fields": {
    "name": "Mercier-Hochelaga-Maisonneuve"
  }
},
{
  "model": "member.neighborhood",
  "pk": 11,
  "fields": {
    "name": "Mile End"
  }
},
{
  "model": "member.neighborhood",
  "pk": 12,
  "fields": {
    "name": "Montréal-Nord"
  }
},
{
  "model": "member.neighborhood",
  "pk": 13,
  "fields": {
    "name": "Montréal-Ouest"
  }
},
{
  "model": "member.neighborhood",
  "pk": 14,
  "fields": {
    "name": "Notre-Dame-de-Grâce"
  }
},
{
  "model": "member.neighborhood",
  "pk": 15,
  "fields": {
    "name": "Outremont"
  }
},
{
  "model": "member.neighborhood",
  "pk": 16,
  "fields": {
    "name": "Parc-Extension"
  }
},
{
  "model": "member.neighborhood",
  "pk": 17,
  "fields": {
    "name": "Petite-Patrie"
  }
},
{
  "model": "member.neighborhood",
  "pk": 18,
  "fields": {
    "name": "Pierrefonds-Roxboro"
  }
},
{
  "model": "member.neighborhood",
  "pk": 19,
  "fields": {
    "name": "Plateau-Mont-Royal"
  }
},
{
  "model": "member.neighborhood",
  "pk": 20,
  "fields": {
    "name": "Pointe-Saint-Charles"
  }
},
{
  "model": "member.neighborhood",
  "pk": 21,
  "fields": {
    "name": "Rivière-des-Prairies-Pointe-aux-Trembles"
  }
},
{
  "model": "member.neighborhood",
  "pk": 22,
  "fields": {
    "name": "Rosemont"
  }
},
{
  "model": "member.neighborhood",
  "pk": 23,
  "fields": {
    "name": "Saint-Henri-Little-Burgundy-Griffintown"
  }
},
{
  "model": "member.neighborhood",
  "pk": 24,
  "fields": {
    "name": "Saint-Laurent"
  }
},
{
  "model": "member.neighborhood",
  "pk": 25,
  "fields": {
    "name": "Saint-Léonard"
  }
},
{
  "model": "member.neighborhood",
  "pk": 26,
  "fields": {
    "name": "Saint-Michel"
  }
},
{
  "model": "member.neighborhood",
  "pk": 27,
  "fields": {
    "name": "Senneville"
  }
},
{
  "model": "member.neighborhood",
  "pk": 28,
  "fields": {
    "name": "Snowdon"
  }
},
{
  "model": "member.neighborhood",
  "pk": 29,
  "fields": {
    "name": "Verdun"
  }
},
{
  "model": "member.neighborhood",
  "pk": 30,
  "fields": {
    "name": "Ville-Marie"
  }
},
{
  "model": "member.neighborhood",
  "pk": 31,
  "fields": {
    "name": "Villeray"
  }
},
{
  "model": "member.neighborhood",
  "pk": 32,
  "fields": {
    "name": "Ville-de-Mont-Royal"
  }
},
{
  "model": "member.neighborhood",
  "pk": 33,
  "fields": {
    "name": "Westmount"
  }
},
{
  "model": "member.neighborhood",
  "pk": 34,
  "fields": {
    "name": "Autre"
  }
},
{
  "model": "member.neighborhood",
  "pk": 35,
  "fields": {
    "name": "Ville-Émard"
  }
},
{
  "model": "member.neighborhood",
  "pk": 36,
  "fields": {
    "name": "Dorval"
  }
},
{
  "model": "member.neighborhood",
  "pk": 37,
  "fields": {
    "name": "Kirkland"
  }
}
]
